Oracle ID,Name
948217ac-289e-455f-8c7c-519aa75fa345,Mana Tithe
0c7ba712-6a99-4d2f-9242-a2163a11f69c,"Padeem, Consul of Innovation"
6615f881-960c-4216-a32a-63856bc3afd0,The Ancient One
33747a34-79cc-446f-8718-b499bd497687,Guardian of New Benalia
0e2575be-c596-4c8c-bf07-7941ca065721,Dreamstone Hedron
9d2d6479-531c-4ce1-b52b-00e36fa63b64,Rancor
0ff11a61-6fe3-4c70-aba8-417023a5e54e,"Nadu, Winged Wisdom"
eaabd151-2160-4bff-82c0-3fa88659be98,Anger
322f44f0-e6da-4ee0-b474-e7d5e9a461c5,Morbid Opportunist
7ffae8f8-3006-4969-a339-6d30678f87ea,Night's Whisper
bbfb3e4a-b389-4391-8141-13b68c0ef2e0,Memory Lapse
bbfb3e4a-b389-4391-8141-13b68c0ef2e0,Memory Lapse
14aefe99-fb60-4f1c-a71f-7ffbe94c8b13,Rune-Scarred Demon
0bc7f093-bef0-4f1a-852c-4b75ebf54838,Arcane Signet
6ad8011d-3471-4369-9d68-b264cc027487,Sol Ring
c11e84a1-dbda-429b-8cd6-fd0deaefc689,Demand Answers
c11e84a1-dbda-429b-8cd6-fd0deaefc689,Demand Answers
ec77d23b-0165-450d-9aae-73b755163753,Rat Colony
48a62778-7c11-486f-a0e1-020c283a7ef9,Nazgûl
29a7fb3b-59de-4463-8530-d480f650a79c,Exit Through the Grift Shop
b8619990-9dc2-4fcc-bc7e-457b77cd2a8e,"Rankle, Master of Pranks"
086a911f-9ed4-4260-ae46-58c9333b95f5,Werewolf Pack Leader
93c97e1a-bd7e-4307-8ada-58f53a887cf8,"Kemba, Kha Enduring"
e8b63aa2-5944-4710-b868-843493623e2f,Photo Op
3567c3c8-b3c7-45b7-935b-b1fdbc973720,Vandalblast
a75ddd9c-2574-46e9-ac85-58082789ff3e,Scytheclaw
8255a797-ddd3-4db0-a3f5-dd8f38c3b908,Captain America's Shield
07142ee9-dc2c-4b33-ad20-2f5285225e86,Nexus of Becoming
4f597675-0f6d-438c-990c-337171927a5e,Leyline Axe
66d41377-626d-4ae6-ba86-17bf0c8b3362,Nim Deathmantle
f1ef5698-14bd-42bf-aae5-2870699e4186,Sapphire Medallion
78b2b68d-6e27-49f3-8373-6e19faf6f679,Inspiring Statuary
b73661a6-d136-4c65-804c-461e83484f4b,Aether Revolt
74c7a029-59aa-4511-8e4c-f8f167cda4e2,Slickshot Show-Off
bece52d6-fc25-486a-9811-cfc3aeca285b,Skyship Stalker
3d783beb-9ca6-4681-9276-fc3ad13b993f,Balefire Dragon
582328cd-660d-47a4-bb23-e91e80b9a907,Huntmaster of the Fells // Ravager of the Fells
380d8d64-9aec-4656-b5b8-d336ebf803c8,Draconautics Engineer
1a44261a-2b6a-45dc-91a4-b2eb219ba6fb,"Vision, Spectral Synthezoid"
33f2c6cb-f864-4bee-b365-aedf33fbedf5,Ultron the Annihilator
873e739c-edf4-46a7-9024-5caaf87f507e,Pick Up the Pace
06e9287b-56d4-443e-97ba-b5dcdc4fa989,"Storm, Windrider"
369aa9a6-af8a-432c-adff-ced2bb203dc7,Construct a Cosmic Cube
0ff9c0cc-4fb3-4117-9a8e-5b51f62306c4,The Ruinous Wrecking Crew
55f7b005-31ea-4865-a8f3-460d15bed795,Arc Reactor
6c7e4e51-099a-4398-a4b7-e2f0ddd36429,The Astonishing Ant-Man
6b59bb1f-f2d4-4d47-bd57-23927d588381,"Hawkeye, Master Marksman"
8dd929cb-0fe1-4cb3-bc8d-96ca37f194f3,"Monica Rambeau // Photon, Living Light"
32aee76a-e738-4898-985a-801d1cce15ea,The Vision
7e6b9b59-cd68-4e3c-827b-38833c92d6eb,"Atraxa, Praetors' Voice"
a3a68f59-f716-4f5e-80f1-e7a80b77dd77,"Lila, Hospitality Hostess"
d9aecc0c-1383-431e-b235-67039ac2d5b3,It Came from Planet Glurg
c9f084fa-d2ed-450a-abab-aaa26a57da3c,Tug of War
b6117038-b491-448a-ac06-f9fa618eb7ac,Killer Cosplay
e284bd64-a0d1-410b-9154-90d9df296fb7,Plate Spinning
da1c1c70-c2fa-4ba7-89fe-d9af3fb353b9,"General Kreat, the Boltbringer"
a5729f11-6cde-4830-b882-ab4c5251c1a9,Lorehold Charm
1c77b4da-b580-4ce9-b127-76de674f5694,Iron-Shield Elf
97febf6b-302c-4c41-8838-eef7c7353bdc,Glen Elendra Guardian
fdf0fba8-f335-419c-b96b-e99037727c43,Kinscaer Sentry
1c77b4da-b580-4ce9-b127-76de674f5694,Iron-Shield Elf
1c248187-0be3-4a03-a817-14f68f638ae7,"Mavinda, Students' Advocate"
7f8f46c0-889a-4c9a-9bfa-2b43db608d55,Fix What's Broken
c3c25a2c-f71c-4cb7-9117-0bcda9248bfd,Prismari Charm
b20d74a4-0e08-4779-972a-499f1a2be15a,"Mendicant Core, Guidelight"
3a97bc8d-bd81-468e-9277-eba4fac11ee0,Vastlands Scavenger // Bind to Life
d985b12e-2731-4ccf-9f51-90218b20b42a,Silverquill Charm
23b11fdc-61b5-4f5e-ad80-f81b729fc91d,Sear
bf3a0585-3976-4078-8beb-6afa79f97027,Genemorph Imago
ee1db746-f5c1-4dce-82eb-24b273cc9507,Witherbloom Charm
d32c9439-4c97-412b-83cc-6d9acb48be3c,Exhibition Tidecaller
5d4ea910-3b16-4f98-89be-c1b2cfff4bf0,Figure of Fable
dcf07f38-422f-46c3-aee9-50540b9c9115,Silvergill Mentor
06374e6d-62fa-4833-81cd-b4d0a35e7365,Beluna Grandsquall // Seek Thrills
3d4bec90-7bbc-4385-a2b8-303c7a8d0a0f,Virulent Emissary
8b834f83-951b-4b5c-b9f1-3d860baa3c0e,Winnowing
8ca2f668-2a4d-4a1e-abcc-093ccbc29295,Mornsong Aria
9b568c34-ba0a-44a7-a0ee-bee3a37b3396,"Lathril, Blade of the Elves"
2283729c-11db-471c-9f63-46092c97bd00,Hex Magic
897f666e-0dda-4577-a3d7-792e3ac2f460,Voldaren Ambusher
a720f3d3-c2d7-4e50-8cc6-600120380e9c,Voldaren Bloodcaster // Bloodbat Summoner
c51ed6e3-813b-49c4-b1de-7f92a77f8f6e,Galvanic Iteration
f6634a84-a9ce-4bbd-bc2c-3f9179b7f16a,Village Messenger // Moonrise Intruder
e6555cca-e608-4c87-b835-9cd47fd1f543,Tireless Tracker
e55104e2-4900-48de-b288-d3e6abd5e09e,"Sigarda, Host of Herons"
abbcb153-0763-44c6-964f-b4ff0eb64257,"Atraxa, Grand Unifier"
c0f69063-9079-4e7a-98dc-c29da8171d33,Violent Outburst
826a0db6-195a-4697-9bd6-f544b279e3cf,"Betor, Kin to All"
07a0cba9-8768-4fd9-a3d5-b0f83b4bf8e8,Chaos Warp
da394a25-79c9-4b75-9ce6-741f64ae6913,Stitcher Geralf
fb430640-81b6-4720-84d6-b8ec3af6a2c3,Wretched Confluence
ea9f4de3-fc35-435a-8dff-a5657d14a9bd,"Daretti, Scrap Savant"
b259f4e4-04a9-40e0-85e9-34b4b74ee388,Minds Aglow
72bdc7ba-2906-436d-8405-6a8a3335fdae,Stormsurge Kraken
d9abda7e-6ca2-42ea-ab24-c542e57014f1,Steelshaper's Gift
c6aadaf0-eb47-4228-95e2-48e3ff7b6e2f,Sower of Discord
bc92f0ba-2cf0-453c-a0d3-98a8784fe55b,Ashling the Pilgrim
d9fd4ff3-5ada-40f4-b949-6fe65624a0c4,"Lorthos, the Tidemaker"
382b7873-e78d-473b-8346-d92d16e8f634,Tooth and Nail
d818f863-17ee-4387-94bf-d7e6e8ab590c,"Hansk, Slayer Zealot"
990b5e12-6e04-4832-9d64-87278f12cbda,"Betor, Ancestor's Voice"
5611b70d-f8d1-4a8f-b9a2-a356264a7c46,The First Doctor
78ed3e01-6d22-429a-a9db-baff38d7bc03,Sycorax Commander
07802bd6-29ca-40c5-beba-c2baf7a92555,Nyssa of Traken
e5e2e4ef-1d78-41eb-b634-1a90d4cb7125,"The Master, Gallifrey's End"
87050537-99c9-4993-a770-4329b2e749e4,"Cid, Timeless Artificer"
8d11aa49-d4cd-48b1-aa0f-8548fa733416,Seymour Guado
43e1b053-2cb9-4b1d-9e38-100cfa7267b6,The Seventh Doctor
33d2584b-bf29-4c22-bd45-14ba2fb98c0e,"Cloud, Midgar Mercenary"
1857dc32-8ff1-4519-b1ca-480a5c2d3b3c,Abraham Van Helsing
46f78ae1-fa51-4ef9-9ffa-8a3ed71a39e4,"Songbird, Sonic Screamer"
3c02d725-a05e-4086-9caa-ddb005d7ae18,Undead Hand Ninja
91b1db8c-4bce-43d1-94ab-14b1435686c7,Grim Reaper's Scythe
0068f8c1-d1a2-4f7b-b39f-963acb2c023b,Vault Guardsman
734fc893-b736-448a-b851-826976031754,"Foggy Nelson, On Retainer"
db99d52b-bbe6-4a48-8f2c-bf77912dc0a9,"She-Hulk, Attorney-at-Law"
e64efd0d-3de3-42e2-949e-4a152d08def8,"Matt Murdock, Justice Seeker"
05a1e1ee-67f0-4158-a012-01612bc9cc70,Infernal Rebirth
43d79ee6-8ba1-4ec9-9bb2-907ed8401a2f,"Ultimo, Civilization's End"
95161e23-e4c4-411f-bce5-58a02abc0958,"Arnim Zola, Bio-Fanatic"
21971c8b-ff9b-40f8-8c9a-93d26c2615b7,"Rem Karolus, Stalwart Slayer"
b72fde5e-862a-45e8-9880-f2c16975a9ac,Intrepid Adversary
fd666669-ad23-4e41-b78c-1cd7b82eb8b4,"Felothar, Dawn of the Abzan"
f00e4df1-13fb-4514-8abb-92954068689a,Tiamat
2a73db99-5e31-49a8-91e7-b28b3434585d,The Third Doctor
c0efafc6-8ffb-4908-ae64-3f391722370a,"Carnage, Crimson Chaos"
26edbbb8-331e-42a6-a550-acc7e9efb32c,Witch-Maw Nephilim
a6395447-677d-4c39-8eda-2d57e527c94e,Torrential Gearhulk
b828ba28-e98d-498b-9ab4-d4aa7143e407,"Pantlaza, Sun-Favored"
14d2979d-5728-42d7-a027-0eb1f754655d,Talisman of Creativity
b693c3de-2eaf-4850-b405-e79d00adefda,Talisman of Hierarchy
fcf9c013-7a79-42b1-8aee-6d40ff475fbf,Territorial Gorger
0956bc16-ff04-4e96-8059-ef62afa2405f,The Eighth Doctor
1ff91cc1-2233-4ceb-91ba-6a49c7147f32,The Wedding of River Song
d94ff0b8-5499-4eeb-80f0-20c7fbf07499,"Voja, Jaws of the Conclave"
c7aecca5-2f67-4245-ab2d-e723d8b23a67,Expressive Iteration
1bc44216-4e06-4f66-89b7-5c327004604e,Volcano of Roku's Island
1861e642-21d5-4232-89f3-b5557f2946c1,Phyrexian Tower
7c2a4fe5-43e8-4e20-bef2-0278d18afc4b,Shifting Woodland
5ffc1e77-152b-4a82-8ea8-2c79cc31d5ef,Play with Fire
d4d65797-2b92-4265-9169-133120c86c7f,Cityscape Leveler
c262e015-f379-484f-894f-1a1deb3c75cc,Smoke Bomb
f36d3d87-5596-4c26-b8d0-f2979a166b57,Mesmerizing Benthid
d484be42-5dd4-49e0-afcd-2d3c1a2c3037,Arcbound Condor
03cd7583-d054-4359-8c94-7776c54198ed,Party Thrasher
cbc052e7-817f-43b0-b8e3-96b1644d798b,Equilibrium
a10b3e35-8cc4-450e-9e30-0fce8df0fea4,Necrodominance
52732f93-b951-43c3-bb02-c254996606e5,Hierophant's Chalice
f2c43b85-8c42-4b23-84c2-bec8d6230039,Sky Skiff
65c0ab05-e740-4380-b39c-8bae9662f885,Impervious Greatwurm
fab29bc7-1f0a-4df4-b8f1-c008ce5583d2,Search for Glory
2c5aa155-646c-47f6-ba5c-6e1b41fd4bb2,Shepherd of the Cosmos
9e6e6458-9e0e-404c-af07-225c4665eaec,Sun-Crowned Hunters
3f244320-3e74-4eff-ba4e-a345700c40c9,Javelin of Lightning
8b1fc306-0d8f-4edb-b197-2e99f10c599e,Boing!
5436bb0d-b5c7-43a9-8b3f-67cdc0dd0381,Bushy Bodyguard
ced5fe9a-4237-4c89-9dd6-b133b966ebcc,"Kastral, the Windcrested"
8609ed1a-f202-483e-9299-408ef6e84ad6,Solid Ground
f1fca987-3484-4a76-86b6-d61ef0a2cf0f,Slaughterhorn
ef833546-f755-4ac5-867a-3926984e68a0,Archaeomancer's Map
34841228-31ac-48ac-b6d6-486b5e1e07dd,Abundant Harvest
a014f283-c531-415c-ac00-e6773ea5d64d,"Jeleva, Nephalia's Scourge"
59f10ddb-8287-4d2c-8c60-1080b108fa78,Requiem Angel
2b34f341-42bc-408a-85cc-b2d8797612b8,Crimson Muckwader
6b1e4940-11ac-4d85-98f4-3f50d1060b96,Gem of Becoming
8c5fe985-69e1-4a03-99fc-a6fd2314a9a7,Professor Dellian Fel
eda11077-b2ce-408b-b982-def2da8fe599,"Ojer Kaslem, Deepest Growth // Temple of Cultivation"
195837b4-e5e4-479d-8dab-6ac77f9fcd83,Chaplain's Blessing
232a4128-133e-446d-9f1c-dd3875094473,Watcher in the Web
2aa03852-6c38-4e91-afed-0c4cd5964598,Gibbering Fiend
3dda8d3d-89e2-4600-be8d-9b76b4f36e33,Mindwrack Demon
69428825-3c40-486d-b051-14e97a598ce6,Gonti's Aether Heart
3b583358-d0d5-4f53-b06c-c6439156e684,Release the Gremlins
786baa29-afd4-40f0-95c8-920a972b9175,"Kari Zev, Skyship Raider"
652f049d-770e-4bd7-b65f-fe56e618366a,Untethered Express
6b8c6104-c537-4025-83e2-e89c8668f3ba,Servo Schematic
93491d5c-8579-42ed-a700-e5c6f4238dea,Barricade Breaker
652f049d-770e-4bd7-b65f-fe56e618366a,Untethered Express
a71b2ffb-6a62-4239-987f-ec82a358927f,Implement of Improvement
f4bd26d5-4448-451f-9909-b6dea1551af7,Implement of Combustion
d1a665f1-b06f-4775-bcb1-c57a476fa651,Invigorated Rampage
4fa99dc1-c2d2-4b21-8511-e3d86626609d,Scrapper Champion
a3a98bc9-caa0-49b7-951c-fe4e4f54e4ba,Ornithopter
d9a09e7f-6bef-4e75-b5c7-cea20a69cf02,Reckless Racer
9805b7b3-086a-4c91-810f-52c8f8f95f6a,Mardu Banner
e88b3066-eb10-4ade-8207-af4de40facec,Pledge of Loyalty
6be663a5-70e2-435a-91ae-16168402787b,Sosuke's Summons
a41760a2-d359-4581-b8d3-c1b572ac15c2,Ravaging Blaze
f8c2a972-e38f-47e5-a355-6f30ad09b1ae,"Losheel, Clockwork Scholar"
0acc9372-58b4-43bf-ab82-1f95831c81d4,Nesting Dragon
6c5d8599-75ca-4479-a02b-1b257b7aea57,"Hazoret, Godseeker"
c1e456b6-5d2b-4c42-9464-54a8f9f8f3ba,Whisperer of the Wilds
b909ff27-423f-4e84-887b-7840149a85be,Nest Robber
8a9e8f60-eb13-4ae8-82df-d4c46da74451,Daxos the Returned
9028f726-50c7-49f3-8386-e584415dcba2,"Raiyuu, Storm's Edge"
00ab9841-934f-4a66-a98d-68d01661b1c9,Squadron Hawk
47fbb4f0-565b-4682-9971-0735210c76e5,Tormented Hero
d291d8f7-bb67-470c-8794-cd553c91e5cc,Bituminous Blast
fcb2a95b-cef0-4b29-8b2b-538f380aff2b,Vampire Hexmage
6891c8b7-7112-40dc-8b94-b84ad1885e5e,Accorder Paladin
418bc6c8-972b-4f07-aac0-8d003b9c1b17,Temur Charm
6ec8dc98-adc7-4fc3-94e5-31037235ceab,Jhessian Infiltrator
f2ecb354-8f79-4c39-989e-7aa37ec75154,Bomb Squad
3ceaeb1b-8b25-453d-ac09-e466cfdd9c77,Undying Evil
0935377b-384f-4e4c-9fbb-8d2a7d5dc280,Dwarven Miner
c8a1b3dd-bc36-4d97-8f93-1151446f04e2,Metathran Elite
43c449d1-51a9-45e0-8102-823a6811ff54,Benthic Giant
e1087ce2-e3c2-4ab1-bd08-1dc9ab70f12f,Siege Rhino
751f22bc-bcea-4213-a37b-b5f72448a4c4,The Reality Chip
81622cf6-3021-4ad4-933d-a7e3d8ac817f,Tribute to Horobi // Echo of Death's Wail
8422f1e0-00ca-4ffb-a6b2-e2c9f96d7f23,Furnace Whelp
5fe86083-1009-4de2-b186-f817ad1cc4e4,Prying Blade
7278f382-8249-4981-9d87-47cef7dc13dd,Dusk Legion Dreadnought
21dd60d5-76c8-469e-8c4e-112e377d2d59,Charging Monstrosaur
bf71c210-8fef-4eda-a943-8c52cbae6159,Bonded Horncrest
6889a555-6fde-4728-9cf2-715f0730efb7,Imperial Aerosaur
a5ce2ccd-8c78-4749-8854-cb5fa5f4738e,Allied Strategies
84122d1e-7657-42fa-8724-c4a3a19729a6,Ancient Carp
17975a20-2c13-4325-be1e-0bcda5063a2d,Terastodon
bdec14d1-1b38-4223-869e-a0ffc76b2b0c,Brutalizer Exarch
b233473d-d22b-45e4-9fe7-55d1170a788b,Multani's Decree
54856e0f-3264-4f56-a7e0-0160a7b07e3d,"Sosuke, Son of Seshiro"
0d7969b0-193b-4da0-a9eb-bd1c98016ee1,"Sachi, Daughter of Seshiro"
b5a3c09d-e822-4e26-b569-7f5830a39e6a,Firewake Sliver
bd803b1c-1370-40db-a6c6-abad4b3d1602,Victual Sliver
bddf5e9a-7c41-45a8-8fa1-18093c408e15,Carven Caryatid
9ebc0144-fc45-4de7-b3d8-ef8cf2e211ae,Sharding Sphinx
524249cd-68d9-472a-89cd-5872641ca6de,"Exava, Rakdos Blood Witch"
e9e43839-7cc1-40ff-a8ec-a47316de6440,Mindwhip Sliver
ea2614bc-00ad-4859-98f5-689f33357fe6,Empress Galina
13575cf9-65c1-4861-b21e-eb2155e07766,Sensei's Divining Top
fd949f82-fc10-4e37-8aa9-6c7569fe3c55,Akroma's Will
4fdbbec2-e921-4b63-958d-f9ba1e417197,"Purphoros, God of the Forge"
675281ff-b81f-4e5e-9f85-9f8cd202b50b,Inkmoth Nexus
0e412b68-9179-4094-960a-95692428855b,Zo-Zu the Punisher
75b73eb2-dafd-43db-9e96-7e1995d9849f,Song of Creation
645fb11b-d684-4bec-8532-8fa97e8f7b28,"Oboro, Palace in the Clouds"
ae997fee-2c1f-43c8-9dba-8b409d8e449e,Elven Warhounds
8b33d890-7d67-44a8-a253-e2b171d7ca9d,Sprout Swarm
42b03dd7-e796-47c3-b596-87960d72818b,Culling Dais
fce29dd8-23b1-465c-a977-526f716dc8f6,Dragon Mask
65afedc9-9446-4417-8576-807279061342,Phyrexian Totem
a1464164-fbda-43b5-988e-6e1da9bd9eef,"Armix, Filigree Thrasher"
277c8ee9-0157-4e45-96ad-1b67716955ee,Vengeful Dead
0184d74b-e9aa-4b5a-8db0-b15cecbc17fb,Vampire Hounds
59135531-6189-4c44-9f6f-602f44f20422,Crypt Champion
77630700-3828-4063-95a7-f6283f0f9da5,Viscera Dragger
51262155-f1be-45a8-a21f-94e920a93e55,Knight of Dawn
6891c8b7-7112-40dc-8b94-b84ad1885e5e,Accorder Paladin
f32c5530-6692-4d47-8789-c73da23fd5b7,Magus of the Will
5641c831-5254-4ef2-ba48-328d86007479,O-Naginata
dd70d439-bd60-43d1-ac26-13b744cc4a37,Accorder's Shield
04979f18-1ba8-47a3-a078-ab6b84bfac72,Spidersilk Net
dd36aea8-9f1c-4daf-86f6-ab9307279ce7,Minotaur Skullcleaver
1049bc06-83de-4ed6-ae38-f259e5038a95,Captivating Crew
46ce3698-e4e6-44e9-8b99-2b12a703e91e,Keen-Eyed Curator
2361ca87-6352-4ba3-8d91-b3d71242914d,Favorable Winds
6098ba4b-ebfe-48da-a33d-b94c021ac559,Deathless Angel
3284010f-aeb2-493e-9252-3b953a192a94,Sleek Schooner
8d8682f3-9ef3-4aa7-9ea6-8a2ce09bff6f,Cobbled Wings
be96b9e1-10ef-4955-8d23-c39384def86d,Aradara Express
319ee221-bace-41e9-b386-6b528bd780c1,Workshop Assistant
e56056dc-637e-4229-ae2c-dfd06d24086b,Dual Shot
48cc79b8-f7a5-474b-bd88-7cd6ae673086,Nyxborn Seaguard
01499544-6850-49f0-a66e-113df19c4340,Pheres-Band Brawler
8652fa06-33dc-4fe5-90cb-83cbfe5c681b,Silverstrike
a16509da-ad46-4ee3-86f3-06c521c23481,Phyrexian Hulk
dccf2ca8-8c87-41c9-8373-351859396d05,Primal Clay
b079f9db-974d-4525-a894-57b754ba9dcc,Kitesail
610618f9-8186-44b6-8041-0a5b70f11cc1,Elsewhere Flask
8a8e225b-14e4-464f-bebe-89b4c9be7fe1,Town Gossipmonger // Incited Rabble
c169929a-850b-4d46-9f14-a922f4465d85,Aim High
fdb109f6-d185-4d1e-92b9-768e77562f55,Outland Boar
f74095aa-232f-432e-a899-86e9463ab5be,Filigree Crawler
c951fca7-f333-4ca3-b5d6-83967d1d093d,Irontread Crusher
0baf75b3-cc02-47cc-873a-8d5f17da0ec9,Implement of Examination
14d71432-c2e6-4c81-92ef-cf98e1fcf5f8,Consulate Turret
d3af1c69-42ae-4d29-a9f1-72f862d26303,Verdant Automaton
e6ae536a-95c0-495d-98b8-200b3564dd79,Destructive Tampering
ac6cf9a7-732d-4ff0-9e88-aae97a2ff169,Siege Modification
14d71432-c2e6-4c81-92ef-cf98e1fcf5f8,Consulate Turret
7177361a-f86f-4a50-b517-229cb1eaac07,Reservoir Walker
0baf75b3-cc02-47cc-873a-8d5f17da0ec9,Implement of Examination
eb287c04-97f5-4e47-beb1-66cc7d15e748,Atarka Monument
ce979f36-84f2-4419-b400-971263494cc6,Assassinate
e56056dc-637e-4229-ae2c-dfd06d24086b,Dual Shot
d9fabfa8-b930-428d-af4e-640fb310a5b2,Separatist Voidmage
1c145f2d-8345-4902-b869-afb70145dec7,Highborn Ghoul
39e21a5a-b278-478a-854c-17695c0f6246,Wicked Pact
bda363b6-4be1-4415-8b3e-92882df1f630,Illusory Wrappings
ef08d371-9d6c-4a2d-a444-d475fbf1b633,Bestial Menace
021d8596-782a-4cfd-8b70-ac5bb8a5aff1,Drag Under
019a3229-dd1c-4f70-a8fb-e33dbc54df39,Scribe of the Mindful
65dc05d0-f885-4fe5-9a23-d6b75185c179,Peel from Reality
2f8243a4-f347-4e18-9094-570b34df903b,Flower // Flourish
e9ced5d8-8337-403f-86a3-bddb9c77d658,Imperiosaur
28da6443-4acc-4f1c-a54f-9153286f18c4,Incendiary Sabotage
748fd75b-c61b-4e02-889d-b7dab23319ef,Heavy Arbalest
46535f8e-1bcd-4588-ac6c-a4bc89c379c8,Abzan Banner
15276d3b-a117-44bf-87c3-c17e032e4a26,Thunderclap Wyvern
4cd9b48e-5774-4a1c-857f-9f4a92db9b41,"Jori En, Ruin Diver"
ecc42076-5cce-4e00-a21b-34846ea41df2,Ojutai Interceptor
7ebaeef0-4e4c-4bf0-85dd-07c6b6be0741,Reduce in Stature
4c76db22-1992-448d-be4a-a9095420b8cc,Silkwing Scout
16e555f2-5aa8-4100-a036-eed48db0e84a,Bone Saw
8a1e8435-16f2-475b-a8a9-7b9f0cf4594a,"Gerrard, Weatherlight Hero"
7359e82b-db79-488d-a1d4-75a00f12a4cf,Kaldra Compleat
de861715-fd0b-493e-9a7c-c470a23044c0,J. Jonah Jameson
2e3ec514-fc9e-4964-a493-2a6cc9e63630,The Mindskinner
87957d09-7e22-40fe-8770-ff66d1934a38,"Etrata, Deadly Fugitive"
cd133d30-51ff-4114-a7d7-029345f0f0d7,"Omnath, Locus of Creation"
2bdd0bcb-6cfb-48e7-972e-355ff46621a4,Cryptcaller Chariot
ce6b6869-e4d7-4156-b66d-57fc224e4b20,Palani's Hatcher
3ef03540-b538-466d-aa3c-da6750117ba4,The Last Ride
7411a8f4-b736-482f-886e-5fa671e94e0d,Witchbane Orb
0673f4e0-66ff-458c-b4ba-eb067e560cce,Regisaur Alpha
9fee2572-8864-475c-bade-a64e36ef69c4,Rot-Curse Rakshasa
25eaa977-ca85-4f8d-8be5-9297a3edb14f,"Gyruda, Doom of Depths"
1216900e-93e3-41a4-b354-9c81938639c2,"Vren, the Relentless"
6a9cc11b-a223-46f0-bf58-c1e08ad1253d,Forum Filibuster
ee35ed62-d5a2-4e65-a7eb-fcdcb3665532,Balefire Liege
179cc807-5150-4513-88b2-73cb05009b7d,Purple Worm
4308a020-48cf-45fe-8074-dd5d0ac6d12d,"Uril, the Miststalker"
d36acdfe-2b1b-4c19-8b81-0b3127e480fe,Necroduality
304c194f-fa0b-42e5-93ca-8c587181d33c,"Karador, Ghost Chieftain"
756042c5-e444-45d7-8dc6-ae7c83c98438,Ghalta and Mavren
c4175a34-70bb-47e5-8406-efdc4d2cd079,"Sami, Wildcat Captain"
6d819742-3d02-4d60-9b10-82caa49a9d49,Novel Nunchaku
f599471a-31a6-4fb0-bf27-c5b707e1db6a,Death in the Family
1c371003-e4f0-4d7c-b021-273176772f97,"April, Reporter of the Weird"
60826714-b9fd-4c89-b9f2-1a3c3229686b,Tainted Treats
c04d4fd4-e5aa-431d-824b-8bc94245f103,Fugitive Droid
decfde5e-ea53-4b15-8f69-51da7ef39d15,Skateboard
41fbdaa2-7a7a-44d5-a8f4-77624350eedd,"Splinter, Hamato Yoshi"
194af2be-50c7-484b-bdd3-402bad70335b,"Donatello, Way with Machines"
e71479c9-bb38-4112-bf8a-41b39a3ade51,"Pizza Face, Gastromancer"
134430b7-d566-485a-bd5c-7db8a285f4ca,Leader's Talent
a311daab-40dc-4433-9ed8-feab7c558bbf,"Gishath, Sun's Avatar"
76742bfc-ae99-4b06-b29d-e0e41d92ae14,"Prowler, Clawed Thief"
c0f9e604-a8bf-4c7d-8480-487e8076e1d8,Damage Control Crew
d459b3f5-a18c-4c17-a855-dc147f7c2161,"Spider-Girl, Legacy Hero"
1d453331-6b8e-4d3d-b658-683eab2760da,"Hobgoblin, Mantled Marauder"
ebf8d006-2997-431b-b4cb-9692741b45ca,Spider-UK
1e03aad2-6426-4d18-a0e5-bc3d8e6b7b11,Preposterous Proportions
721e8249-ff1b-4c15-964b-4ba2a96beb75,The Eleventh Doctor
6f81bef3-6ca0-4cf4-aa99-7b2813eeef04,Assemble the Legion
4f5a7b65-b7f4-4bad-acfd-35edfb8f86a7,Phytohydra
4c1c1537-e519-4e2f-9bc2-d34b289d4487,"Kozilek, the Great Distortion"
7ba550a5-81fc-42c2-8df8-ad455d938605,Bonehoard Dracosaur
3494a575-f68e-4e78-9f6b-142cd8a0edea,Combustible Gearhulk
2f82b232-21ff-44cc-bc35-0999a1d1c52f,Lightning Runner
86084ed9-b8bb-4289-9579-6056194787bc,Pia and Kiran Nalaar
331b44e4-cf08-44f4-8afd-a7374e5dc5ed,Tidespout Tyrant
e43e06fb-52b7-4f38-8fac-f31973b043f7,Phantom Nishoba
48e8ae59-a234-498e-9dae-bac8d1424ea5,Runic Armasaur
80bb9ce4-1f3c-42ca-b75f-9a6b2f42073b,Ripjaw Raptor
1ba92b64-d821-4c24-aed6-fc90d0c63c10,Wrathful Raptors
0f5f6f3e-1b3c-43e2-b11d-bd454366845c,Bronzebeak Foragers
b7ee76bf-d15a-489e-8f05-414788f8f649,Super Shredder
f78af825-023a-42e9-8374-5c52303a1417,"Elspeth, Storm Slayer"
bc163b5a-0b1a-4257-8c07-5c7d5284015f,"Casey Jones, Vigilante"
ef4b0ced-70a1-41d8-9aed-34e75f979c5f,Pit Fight
7fb63d9a-8d90-4b43-8390-924de2d7e32c,Shattergang Brothers
278e51fe-3cd9-4c82-bd81-2164771f8611,Alms Collector
d5efba91-8400-41a3-91c6-cb5e81f07976,"Iymrith, Desert Doom"
4a67946e-8903-4994-9641-d31fbb62082c,The Howling Abomination
daff70a4-a990-47c9-b6ef-2c379272c8a3,Dragonlord Atarka
9132d7e6-7190-45e1-9c57-8fe2e5d0f2f2,"Venom, Eddie Brock"
9f3941d8-b4d2-4faf-881a-f15973b4368d,"Gimli, Mournful Avenger"
d9353eb6-c7e7-4d85-a0c2-32b1d091881a,Cruel Tutor
66290104-ac65-4eb5-bf00-89b944249e07,"Neriv, Heart of the Storm"
c3ea6af5-48b9-45d2-9576-46cacb2db5b0,Dark Leo & Shredder
3e2bfa3a-ae83-453a-8e3f-ca6205a9af12,Kraven the Hunter
1c995c80-3301-409b-822b-9297aa260823,"Ureni, the Song Unending"
7fe39c74-cb7c-4eee-a657-8a99a4ab383a,Territorial Allosaurus
82563a5f-cae4-4ece-876c-0df245d2dc58,"Raph & Mikey, Troublemakers"
8c1e5b25-ee5a-4ea9-a715-08dd1a4f51c4,"Raphael, the Nightwatcher"
4dde484a-8d5b-4eb6-ab4a-e30cc370431c,"Zellix, Sanity Flayer"
9b06f2bf-146d-4b30-b467-e16f1a942253,Dracogenesis
c9ed8b01-959a-47d6-891e-0abbdccf6e4f,Armageddon
3d8f9b58-d011-4ed2-99ae-c626243fab26,"Kaima, the Fractured Calm"
c98a4af3-3e58-4927-9a60-d2664cf0b139,"Chishiro, the Shattered Blade"
376fa374-ead1-4728-ab8b-aca230b72031,Hide on the Ceiling
7ef7d902-1f05-40b3-8997-dec197b0b678,Spider-Verse
ec9c35f2-6a68-45e7-a86e-9f5af9fe28fc,Phyrexian Ingester
5bf4d8d9-a2b2-4dba-ac05-9d4470a89db2,Read the Bones
d6458cf6-eb1f-448b-8205-1b5d887ff2bf,Forerunner of the Coalition
bcf34a1c-162a-400c-b1db-9d1bb62bf7e9,Dire Fleet Neckbreaker
71b178bd-3b37-4de9-97a3-96e23d5444a4,Hornswoggle
8150cc84-3f9f-470d-a0f9-ee6d9dab13da,Dire Fleet Poisoner
43b5e462-d860-473d-828f-6c513fc7768a,Admiral Beckett Brass
87b22b09-4f6d-4bc5-9cfc-663e4c7c6981,The Ur-Dragon
df9409e6-bd6d-4b5b-b807-fcf347ee940a,"Glarb, Calamity's Augur"
1ef2415f-f88f-41fb-b084-ea52631a60c1,"Rienne, Angel of Rebirth"
95175d35-c815-47bd-8e69-427972b567b6,Felix Five-Boots
4074e897-82a4-4f57-86c2-4aab3f29ef9b,"Ezekiel Sims, Spider-Totem"
3c322d99-2bc4-4618-aeb3-5583fce54f1b,Spider-Mobile
321b5cc6-8df6-4292-97a0-a6a3a22f3b55,Twinflame Tyrant
0222dc7c-459b-4909-a037-72b2eb248599,"Gluntch, the Bestower"
6640bcfc-4bdc-4380-8b51-61b906f9aee6,Storm Fleet Swashbuckler
8721b0a6-52ff-4749-92db-82bb36f5a73e,Search Party Captain
584cf0fd-112a-4ca6-9c0e-1f3228a7d325,Reckless Impulse
18b0b583-d17b-4c67-bc67-c4d9aad155c7,Waterfront District
867aa0b7-b814-4d33-a677-f6368c8e93c0,Aphetto Alchemist
00af96af-5eae-4044-a2f7-a08cd0699d1e,Ogre Arsonist
32fbb638-ab14-4e8b-a07a-d4c44e3496f2,Urza's Tower
ea2cbf5a-2def-450b-9db8-40a5b6a604d0,Myr Welder
83dcfac0-6efd-4e37-9402-15f9889e84e1,The Great Goblin
db05b114-2eb5-46bc-81e7-7e036d8eaab3,Quarrel
e3491542-569e-48a8-b625-fa7c4aa2792a,Down in the Valley
f1b36dde-9cde-46c8-8d5a-9ad93feba41f,Mirkwood Pathmaker
66961bcb-f588-47a7-b3f3-12f4ac674477,Inside Information
514b451b-814d-45fb-a2ba-8fe6f0bdad60,"Gollum, Riddle Master"
ef71ef07-8a35-41ec-a851-d95e9e3a221b,Bilbo's Gambit
a71e8d07-1a49-47a0-834e-de87d750a200,Iron Hills
cc65821a-1893-4087-b461-35cf9fd26c71,"Orcrist, Goblin-cleaver"
a97d6c5c-1cff-442d-b535-fc8389160b0b,"Burn, Burn, Tree and Fern"
2a2ea189-b663-4f4a-bb23-ff7a4af25f71,Settle the Wreckage
3678c06f-8a33-4a6d-bf20-5b92d5c05a95,The Lonely Mountain
e4402d21-bb7f-4777-bc8d-b24bf2faccb0,Old Fat Spider Can't See Me
88522a0f-5377-4522-97f4-4148bef954af,Bolg of the North
80bcb154-b4be-4bbd-bbc1-b116a59045b7,Lakeshore Apothecary
70a702fe-1dd6-4d7b-a85a-45744ecad741,Velvetwing Butterflies // Gaze in Wonder
cd49aa99-bf84-4edd-aecc-6dae78b73412,Mirkwood
fa602f8f-1d80-4f6d-8b8f-d1a1f36037bd,Bolg's Company
d1dceaa7-d33e-4067-9e1b-8a8978a12933,Stony-Voiced Goblins
28ffddca-a3c4-467d-a2dc-2c5e62393e11,Woodland Weavemaster
a91e0154-14a9-4681-8236-04db231592a4,Elvenking's Halls
2e728381-6db0-4c66-883d-82d718fef833,My Precious // Allure of Power
d0f62148-1015-49b8-b61f-a4332325a6b0,Elven Raft-Steerer
58acd6b2-730c-4472-a34a-f2784977aca8,"Dori, Bearer of Friends"
526f520e-b4bb-4215-9c6b-afc298744f06,Plunder the Trollshaws
69cc089a-abd3-4edb-bc79-f02daac70837,"Ori, Keeper of Songs"
dc788b66-d03d-4066-be35-481be96ed2f7,Boughside Wanderers
5753f4d6-08d0-4e12-85c5-875ee6441626,Tidings of War
d7cba934-02ad-4677-bb4d-50808b01b4f9,Thranduil's Decree
cb2803ee-825b-420e-b404-c7c44f15ec15,The Black Arrow
8c7641b6-3a6c-4441-a98c-3b5d61d91f76,Rage into the Valley
8060d231-7477-441d-b249-8e75aa1d7791,Ravening Warg
03253076-9add-4efb-9227-b0a062c86534,"Nori, Teller of Tales"
717c6beb-81c6-43ed-aab0-aedfc1cbac33,Lake-town
3cd3cdc9-2ed2-4cdf-b58a-12c3a2ef218b,"Roads Go Ever, Ever On"
cd1a9d87-4c91-4456-8d88-19e0d6e0b200,"Gandalf, Spark Starter"
27e17542-549b-4c05-8091-c10a245c916b,Great Ugly-Looking Goblin // Clap! Snap!
d1663b51-37a1-45a0-b477-2d3e7dd0828e,Warg Tactics
bb67d0a4-864e-4f46-8538-fdd920bf0197,Ragged Short Spear
b39f03cf-3d1a-42ad-903f-e3b3542878b0,Front Porch Sentries
84597236-2cfc-4654-b126-a8ee252f4d14,Esgaroth Garrison
c8259b0e-131f-44f0-86d4-7c4d711b328d,Old Thrush
f6771d32-395e-4832-b33d-cbc12dff1516,"Thranduil, Sindarin Liege // Silvan Rally"
e3a665f9-6e51-4e0d-923b-e9552d5978a4,The Sackville-Bagginses
7907bbf0-f6d9-4e5b-b5de-73cd94979f98,Stone by Sunlight
ee86cce6-c7c1-40a6-896b-cde9b86bb532,Nasty Little Rabbit
c394b767-620c-4310-b78f-ece312259e46,Misty Mountains Raider
961e3023-39ea-4141-99b6-738280a2815d,Pinecone Strike
bddd7e99-ec74-4ca6-9137-155b85695a95,Patient Instructor
3d39db09-67b7-4a4e-9667-4e1b806f51a5,Moment of Glory
4c054431-3667-4e28-9d68-03b43447c35b,Bilbo's Deadly Slice
fcc9f3bc-0bc3-4189-a4d0-9698594b99a8,Enchanted River's Grasp
53c6c6bf-0256-424d-b937-1cc7d9e2d574,Little Bear
5c034266-8e63-4b43-8f9e-564e6fff6ec1,Smaug's Fury
b9079564-5c86-4765-988a-f2334e016fa6,Master's Councillors
89aa97d0-1aef-4ed8-b29c-7943bb3d0e60,Nighthowl Pursuer
11932191-4b19-49b1-bfe4-abb7b83b2e59,Silvan Reveler
acfe54b3-10e3-4fdb-b874-d39fde96c40a,Through the Forest Gate
37f82ad8-4f0b-4b17-abcc-03f43d4fdf1c,Great Fierce Bee
85ceb4ac-7a1c-4c7e-95a3-515a5b5d6116,Goblin-town Flunkies
ce107656-f222-4d9a-9ba2-b33b4d47bdb5,Wargling
cf765efe-884c-48e2-9edb-9d45cf2756dd,Lake-town Lookout
fa85f9e6-69ff-4669-b70a-440aa7b16c97,"Bilbo Baggins, Burglar // Take a Glance"
80433c2c-5196-42e0-b9fa-d7b12783f5fd,Giant's Boulder
66630640-9605-44da-afdf-eb9d458d056f,Mirkwood Nurturer
98d20908-6d68-4d31-b719-207f93c9b402,Goblin-town
78bed291-0ec7-466f-bc7a-9dae7d0b56ae,Riddles in the Dark
8a0e35ac-6c03-4922-b3b4-e419419fe3d7,"Bofur, Reliable Guardian // Concerted Care"
6505a53b-00db-44c4-8eaa-09a1a01451a4,Glóin the Mighty // Easy Pickings
3c4da169-1e50-4790-abdc-214e7b8a2ad5,Thorin's Last Stand
5ebe8de1-aa3d-410d-b43d-1685259c7a97,The Chief Warg
7a7d9887-3cc4-4fb9-9109-1315903ace45,Confusticate and Bebother
8fcab221-8737-4357-b8ee-bad9421739a3,Dwarven Provisioner
eda99a16-6a7c-4f39-8a6b-a284e6afd3fc,Goblin Plate Mail
a25ba5cc-6ff8-4215-b70d-7e86e15e3c1a,Óin the Brave
89a2fab8-b074-42aa-a871-d9c5de2d0895,Ordinary Bear
dda607bd-f419-4b7f-b052-a5ce6ce22bfe,Stir Up Trouble
7d070a95-49ea-4aea-b512-dbb0006a00ee,Elvenking's Harper
dba1d231-6b03-44ad-ab8c-be0c8fe1b6db,Lake-town Mariners // Gone Fishing
e01860cd-0aa1-435a-9ef9-ee412bc458cd,"Down, Down to Goblin-town"
d51136fa-3c13-48a5-83fd-51fe00010a4b,Celebrate the Mountain-king
45d652c4-188e-4f00-acdd-1be014922cbc,Attercop
eec81460-899d-4b4c-b33c-ce2ca704df17,Crude Bent Blade
17492186-9814-4c41-8111-1f000a96c212,Hobbit Hole
399cd159-7376-421c-b001-c26f1cbadced,Mirkwood Meditator
a927fd33-f183-48d9-b582-55d379d70e13,Frogmite
8220c5fa-28dc-40d0-a38a-d8eefc2795d6,Stensia Bloodhall
e5deac0b-4417-42cc-b145-db0afe34f6e0,Geist-Honored Monk
2a93236d-f182-4826-8112-4048bb3cbaf9,Ageless Entity
14440669-ddf0-46ac-b140-13948a8113b8,Tamanoa
7a25ccf3-0fe1-447c-bdf4-57ec31b19a0f,Diamond Faerie
3c0f7c4d-ac93-4a58-a87f-bf694c709624,Rimefeather Owl
f85a157f-d7ec-4e61-97df-2ca851b6c666,Cover of Winter
8aaa2217-012e-4e34-ba44-4986d7ee9ece,Scion of the Wild
03199a9e-3a52-42af-8027-50b455a054d4,"Jiwari, the Earth Aflame"
d5cb0370-a6f0-40c0-8b8f-553fca23778d,Yavimaya's Embrace
97c8f5e1-9fc1-4a62-a757-1c0454754cd3,Impatience
50a1c14a-003f-424b-bb8e-2e2d51465a90,Horn of Deafening
f1ae89ff-b23b-44b2-a30c-6f2ae3216189,Petra Sphinx
6c54fc14-2af8-46e8-a4dc-b2a0a88ef2e1,Yawgmoth Demon
62648946-1708-48f4-ba40-c057563ab11b,"Argoth, Sanctum of Nature"
a3b226b9-f149-4578-882b-77447608380a,Spelleater Wolverine
7c259e83-1d85-4267-a2e6-1a0fbacae3fe,Ward Sliver
c50282bd-4b57-4c7b-9598-ea67ba49248b,The Misty Mountains Cold
a8b018a7-0350-4ee0-9582-8d391018bdee,"Azog, Moria's Ruin"
011da9c5-aa8a-4fa0-b1f2-62b9f3760476,Belladonna Took
fdf7f144-56e4-4f88-b81a-b85473922355,Snowslope Hunter
72c6174c-fa2c-4ff2-b76e-eb6e890e97c9,Fateful Discovery
f202712d-7cd1-47aa-9664-526a884a1be2,Arrogant Outlaw
3cc745d2-5021-43ff-ace8-35011011e62a,"Strefan, Maurer Progenitor"
8f1016c7-0551-4813-987d-36abf3b2ffeb,Anje's Ravager
c9ef02d6-717d-4f2a-aa10-0af717d6360f,Imposing Grandeur
dfc982a2-9ae8-4206-a2d7-4dcfcde02451,Arterial Alchemy
96e25887-e556-423a-8a69-0cd148216f6a,Dark Impostor
3edd6272-20fa-4c3a-bf34-2f253cc8ac9e,Glass-Cast Heart
67b87332-44e1-4948-9269-5fc8f6107d0e,Stromkirk Condemned
d9ee7916-2c9d-4489-8dd8-86929b09c6ea,Midnight Arsonist
f3ae58ed-8ef7-4e0a-945f-1f622157236b,Avacyn's Judgment
82e03151-3990-451c-99cc-c7d386872df2,"Timothar, Baron of Bats"
77e319da-d782-4258-bf0e-626755e5adc9,Kalastria Highborn
